{
  "model/formatter-dbg.js": 1705380138000,
  "controller/BaseController.js": 1705380136000,
  "model/models.js": 1705380138000,
  "model/formatter.js": 1705380138000,
  "controller/Worklist.controller.js": 1705380136000,
  "controller/Object.controller.js": 1705380136000,
  "controller/NotFound.controller.js": 1705380136000,
  "controller/ErrorHandler.js": 1705380136000,
  "manifest.json": 1705823457076,
  "controller/App.controller.js": 1705380136000,
  "Component.js": 1705380136000,
  "Component-preload.js": 1705823457379,
  "controller/BaseController-dbg.js": 1705380136000,
  "controller/Object-dbg.controller.js": 1705380136000,
  "controller/NotFound-dbg.controller.js": 1705380136000,
  "controller/ErrorHandler-dbg.js": 1705380136000,
  "controller/Worklist-dbg.controller.js": 1705380136000,
  "controller/App-dbg.controller.js": 1705380136000,
  "model/models-dbg.js": 1705380138000,
  "i18n/i18n.properties": 1705380136000,
  "Component-dbg.js": 1705380136000,
  "view/Worklist.view.xml": 1705380138000,
  "view/ObjectNotFound.view.xml": 1705380138000,
  "view/Object.view.xml": 1705380138000,
  "view/NotFound.view.xml": 1705380138000,
  "view/App.view.xml": 1705380138000,
  "index.html": 1705380136000
}